Country,Year,FSI_Category,C1_Security_Apparatus_Disc,C2_Factionalized_Elites_Disc,C3_Group_Grievance_Disc,E1_Economy_Disc,E2_Economic_Inequality_Disc,E3_Human_Flight_and_Brain_Drain_Disc,P1_State_Legitimacy_Disc,P2_Public_Services_Disc,P3_Human_Rights_Disc,S1_Demographic_Pressures_Disc,S2_Refugees_and_IDPs_Disc,X1_External_Intervention_Disc,GDP_Category,Internet_Category,Life_Expectancy_Category,Military_Expenditure_Category
Afghanistan,2019,Very High Alert,High,High,Medium,High,Medium,Medium,High,High,Medium,High,High,High,Low,Low,Medium,Low
Afghanistan,2020,Very High Alert,High,High,Medium,High,Medium,Medium,High,High,Medium,High,High,High,Low,Low,Medium,Low
Afghanistan,2021,Very High Alert,High,High,Medium,High,High,Medium,High,High,Medium,High,High,High,Low,Low,Medium,Medium
Albania,2019,Stable,Medium,Medium,Low,Medium,Low,Medium,Medium,Low,Low,Low,Low,Medium,Low,High,High,Low
Albania,2020,Stable,Medium,Medium,Low,Medium,Low,High,Medium,Low,Low,Low,Low,Medium,Low,High,High,Low
Albania,2021,Stable,Low,Medium,Low,Medium,Low,High,Medium,Low,Low,Low,Low,Medium,Low,High,High,Low
Algeria,2019,Warning,Medium,Medium,Medium,Medium,Medium,Medium,Medium,Medium,Medium,Low,Medium,Low,Low,Medium,High,High
Algeria,2020,Warning,Medium,Medium,Medium,Medium,Medium,Medium,High,Medium,Medium,Low,Medium,Low,Low,Medium,Medium,High
Algeria,2021,Warning,Medium,Medium,Medium,Medium,Medium,Medium,Medium,Medium,Medium,Low,Medium,Low,Low,High,High,High
Angola,2019,Warning,Medium,Medium,Medium,Medium,High,Medium,High,High,Medium,High,Medium,Low,Low,Low,Medium,Medium
Angola,2020,Warning,Medium,Medium,Medium,Medium,High,Medium,High,High,Medium,High,Medium,Low,Low,Medium,Medium,Medium
Angola,2021,Warning,Medium,Medium,High,High,High,Medium,High,High,Medium,High,Medium,Low,Low,Medium,Medium,Low
Antigua and Barbuda,2019,Stable,Medium,Low,Low,Medium,Low,Medium,Low,Low,Low,Low,Low,Medium,Medium,High,High,Medium
Antigua and Barbuda,2020,Stable,Medium,Low,Low,Low,Low,Medium,Low,Low,Low,Low,Low,Medium,Medium,High,High,Medium
Antigua and Barbuda,2021,Stable,Medium,Low,Low,Medium,Low,Medium,Low,Low,Low,Low,Low,Medium,Medium,High,High,Medium
Argentina,2019,Sustainable,Low,Low,Low,Low,Medium,Low,Low,Low,Low,Low,Low,Low,Low,High,High,Low
Argentina,2020,Sustainable,Medium,Low,Low,Medium,Low,Low,Low,Low,Low,Low,Low,Low,Low,High,High,Low
Argentina,2021,Stable,Low,Low,Low,Medium,Low,Low,Low,Low,Low,Medium,Low,Low,Medium,High,Medium,Low
Armenia,2019,Stable,Low,Medium,Medium,Medium,Low,Medium,Medium,Low,Medium,Low,Medium,Medium,Low,Medium,High,High
Armenia,2020,Stable,Medium,Medium,Medium,Medium,Low,Medium,Medium,Low,Medium,Low,Medium,Medium,Low,High,Medium,High
Armenia,2021,Stable,Medium,Medium,Medium,Medium,Low,Medium,Medium,Low,Medium,Low,Medium,Medium,Low,High,Medium,High
Australia,2019,Very Sustainable,Low,Low,Low,Low,Low,Low,Low,Low,Low,Low,Low,Low,High,High,High,Medium
Australia,2020,Very Sustainable,Low,Low,Low,Low,Low,Low,Low,Low,Low,Low,Low,Low,High,High,High,Medium
Australia,2021,Very Sustainable,Low,Low,Low,Low,Low,Low,Low,Low,Low,Low,Low,Low,High,High,High,Medium
Austria,2019,Very Sustainable,Low,Low,Low,Low,Low,Low,Low,Low,Low,Low,Medium,Low,High,High,High,Low
Austria,2020,Very Sustainable,Low,Low,Low,Low,Low,Low,Low,Low,Low,Low,Low,Low,High,High,High,Low
Austria,2021,Very Sustainable,Low,Low,Low,Low,Low,Low,Low,Low,Low,Low,Low,Low,High,High,High,Low
Azerbaijan,2019,Warning,Medium,Medium,Medium,Low,Medium,Low,High,Low,High,Low,Medium,Medium,Low,High,Medium,High
Azerbaijan,2020,Warning,Medium,Medium,Medium,Low,Medium,Low,High,Low,High,Low,Medium,Medium,Low,High,Medium,High
Azerbaijan,2021,Warning,Medium,Medium,Medium,Low,Medium,Low,High,Medium,Medium,Low,Medium,Medium,Low,High,Medium,High
Bahamas,2019,Sustainable,Low,Low,Low,Low,Low,Low,Low,Low,Low,Medium,Low,Low,High,High,Medium,Medium
Bahamas,2020,Sustainable,Medium,Low,Low,Low,Low,Low,Low,Low,Low,Medium,Low,Low,Medium,High,Medium,Medium
Bahamas,2021,Stable,Low,Low,Low,Medium,Low,Low,Low,Medium,Low,Medium,Low,Low,High,High,Medium,Medium
Bahrain,2019,Stable,Medium,Medium,High,Low,Low,Low,High,Low,High,Low,Low,Low,Medium,High,High,High
Bahrain,2020,Stable,Medium,Medium,High,Low,Low,Low,High,Low,High,Low,Low,Medium,Medium,High,High,High
Bahrain,2021,Stable,Medium,Medium,High,Low,Medium,Low,High,Low,High,Low,Low,Medium,Medium,High,High,High
Bangladesh,2019,Warning,Medium,High,High,Medium,Medium,Medium,Medium,Medium,Medium,Medium,Medium,Medium,Low,Low,Medium,Low
Bangladesh,2020,Warning,Medium,High,High,Medium,Medium,Medium,Medium,Medium,Medium,Medium,Medium,Medium,Low,Medium,Medium,Low
Bangladesh,2021,Warning,Medium,High,High,Medium,Medium,Medium,Medium,Medium,Medium,Medium,Medium,Medium,Low,Medium,Medium,Low
Barbados,2019,Sustainable,Low,Low,Low,Medium,Low,Medium,Low,Low,Low,Low,Low,Medium,Medium,High,High,Medium
Barbados,2020,Sustainable,Low,Low,Low,Medium,Low,Medium,Low,Low,Low,Low,Low,Medium,Medium,High,High,Medium
Barbados,2021,Sustainable,Low,Low,Low,Medium,Low,Medium,Low,Low,Low,Low,Low,Medium,Medium,High,High,Medium
Belarus,2019,Stable,Medium,High,Medium,Medium,Low,Low,High,Low,Medium,Low,Low,Medium,Low,High,Medium,Low
Belarus,2020,Stable,Medium,High,Medium,Low,Low,Low,High,Low,Medium,Low,Low,Medium,Low,High,Medium,Low
Belarus,2021,Stable,Medium,High,Medium,Medium,Low,Low,High,Low,Medium,Medium,Low,Medium,Low,High,Medium,Low
Belgium,2019,Very Sustainable,Low,Low,Low,Low,Low,Low,Low,Low,Low,Low,Low,Low,High,High,High,Low
Belgium,2020,Very Sustainable,Low,Low,Low,Low,Low,Low,Low,Low,Low,Low,Low,Low,High,High,High,Low
Belgium,2021,Sustainable,Low,Low,Low,Low,Low,Low,Low,Low,Low,Low,Low,Low,High,High,High,Low
Belize,2019,Stable,Medium,Low,Low,Medium,Low,Medium,Low,Medium,Medium,Low,Low,Medium,Low,Medium,Medium,Low
Belize,2020,Stable,Medium,Low,Low,Medium,Low,Medium,Low,Medium,Medium,Low,Low,Medium,Low,Medium,Medium,Low
Belize,2021,Stable,Medium,Low,Low,Medium,Low,Medium,Low,Medium,Medium,Medium,Low,Medium,Low,High,Medium,Low
Benin,2019,Warning,Medium,Medium,Low,Medium,High,Medium,Low,High,Low,Medium,Low,Medium,Low,Low,Low,Low
Benin,2020,Warning,Medium,Medium,Low,Medium,High,Medium,Low,High,Low,Medium,Low,Medium,Low,Low,Medium,Low
Benin,2021,Warning,Medium,Medium,Low,Medium,High,Medium,Medium,High,Low,Medium,Medium,Medium,Low,Low,Low,Low
Bhutan,2019,Warning,Low,Medium,High,Medium,Medium,Medium,Low,Medium,Medium,Medium,Medium,Medium,Low,High,Medium,Medium
Bhutan,2020,Stable,Low,Medium,High,Medium,Medium,Medium,Low,Medium,Medium,Medium,Medium,Medium,Low,High,Medium,Medium
Bhutan,2021,Stable,Low,Medium,High,Medium,Low,Medium,Low,Medium,Medium,Medium,Medium,Medium,Low,High,Medium,Medium
Bolivia,2019,Warning,Medium,High,Medium,Medium,High,Medium,Medium,Medium,Medium,Medium,Low,Medium,Low,Medium,Medium,Low
Bolivia,2020,Warning,Medium,High,Medium,Medium,High,Medium,Medium,Medium,Medium,Medium,Low,Low,Low,Medium,Medium,Low
Bolivia,2021,Warning,Medium,High,Medium,Medium,High,Medium,Medium,Medium,Medium,Medium,Low,Low,Low,Medium,Medium,Low
Bosnia and Herzegovina,2019,Warning,Medium,High,Medium,Medium,Low,Medium,Medium,Low,Medium,Low,Medium,High,Low,High,High,Low
Bosnia and Herzegovina,2020,Warning,Medium,High,Medium,Medium,Low,Medium,Medium,Low,Medium,Low,Medium,Medium,Low,High,High,Low
Bosnia and Herzegovina,2021,Warning,Medium,High,Medium,Medium,Low,Medium,Medium,Low,Low,Medium,Medium,Medium,Low,High,Medium,Low
Botswana,2019,Stable,Low,Low,Low,Medium,Medium,Medium,Low,Medium,Medium,Medium,Low,Low,Low,Medium,Medium,Medium
Botswana,2020,Stable,Low,Low,Low,Medium,Medium,Medium,Low,Medium,Low,Medium,Low,Low,Low,Medium,Medium,Medium
Botswana,2021,Stable,Low,Low,Low,Medium,Medium,Low,Low,Medium,Low,Medium,Low,Low,Low,Medium,Medium,Medium
Brazil,2019,Warning,Medium,Medium,Medium,Medium,Medium,Low,Medium,Medium,Medium,Medium,Low,Low,Low,High,High,Low
Brazil,2020,Warning,Medium,Medium,Medium,Medium,Medium,Low,Medium,Medium,Medium,Medium,Low,Low,Low,High,Medium,Low
Brazil,2021,Warning,Medium,Medium,Medium,Medium,Medium,Low,Medium,Medium,Medium,High,Low,Low,Low,High,Medium,Low
Brunei Darussalam,2019,Stable,Low,Medium,Medium,Low,Medium,Low,Medium,Low,Medium,Low,Low,Low,High,High,High,Medium
Brunei Darussalam,2020,Stable,Low,Medium,Medium,Low,Medium,Low,Medium,Low,Medium,Low,Low,Low,Medium,High,High,High
Brunei Darussalam,2021,Stable,Low,Medium,Medium,Low,Medium,Low,Medium,Low,Medium,Low,Low,Low,High,High,Medium,Medium
Bulgaria,2019,Stable,Low,Medium,Low,Medium,Low,Low,Low,Low,Low,Low,Low,Low,Medium,High,High,Medium
Bulgaria,2020,Sustainable,Low,Medium,Low,Low,Low,Low,Low,Low,Low,Low,Low,Low,Medium,High,Medium,Medium
Bulgaria,2021,Stable,Low,Medium,Low,Medium,Low,Medium,Low,Low,Low,Medium,Low,Low,Medium,High,Medium,Medium
Burkina Faso,2019,Warning,High,Medium,Low,Medium,Medium,Medium,Medium,High,Medium,High,Medium,Medium,Low,Low,Medium,Medium
Burkina Faso,2020,Warning,High,Medium,Low,Medium,Medium,Medium,Medium,High,Medium,High,Medium,High,Low,Low,Medium,Medium
Burkina Faso,2021,Warning,High,Medium,Low,Medium,Medium,Medium,Medium,High,Medium,High,Medium,High,Low,Low,Medium,Medium
Burundi,2019,Alert,High,Medium,Medium,High,Medium,Medium,High,High,High,High,High,High,Low,Low,Medium,Medium
Burundi,2020,Alert,High,Medium,Medium,High,Medium,Medium,High,Medium,High,High,High,High,Low,Low,Medium,Medium
Burundi,2021,Alert,High,High,Medium,High,Medium,Medium,High,Medium,High,High,High,High,Low,Low,Medium,Medium
Cambodia,2019,Warning,Medium,High,Medium,Medium,Medium,Medium,High,Medium,Medium,Medium,Medium,Medium,Low,Medium,Medium,Medium
Cambodia,2020,Warning,Medium,High,Medium,Medium,Medium,Medium,High,Medium,Medium,Medium,Low,Medium,Low,Medium,Medium,Medium
Cambodia,2021,Warning,Medium,High,Medium,Medium,Medium,Medium,High,High,Medium,Medium,Low,Medium,Low,Medium,Medium,Medium
Cameroon,2019,Alert,High,High,High,Medium,Medium,Medium,High,High,Medium,High,High,Medium,Low,Medium,Medium,Low
Cameroon,2020,Alert,High,High,High,Medium,Medium,Medium,High,High,Medium,High,High,Medium,Low,Medium,Medium,Low
Cameroon,2021,Alert,High,High,High,Medium,Medium,Medium,High,High,Medium,High,High,Medium,Low,Medium,Medium,Low
Canada,2019,Very Sustainable,Low,Low,Low,Low,Low,Low,Low,Low,Low,Low,Low,Low,High,High,High,Low
Canada,2020,Very Sustainable,Low,Low,Low,Low,Low,Low,Low,Low,Low,Low,Low,Low,High,High,High,Low
Canada,2021,Very Sustainable,Low,Low,Low,Low,Low,Low,Low,Low,Low,Low,Low,Low,High,High,High,Low
Cape Verde,2019,Stable,Medium,Medium,Low,Medium,Medium,Medium,Low,Medium,Low,Medium,Low,High,Low,Medium,High,Low
Cape Verde,2020,Stable,Medium,Medium,Low,Medium,Medium,Medium,Low,Medium,Low,Medium,Low,High,Low,High,Medium,Low
Cape Verde,2021,Stable,Low,Medium,Low,Medium,Medium,Medium,Low,Medium,Low,Medium,Low,High,Low,High,Medium,Low
Central African Republic,2019,Very High Alert,High,High,High,High,High,Medium,High,High,High,High,High,High,Low,Low,Low,Medium
Central African Republic,2020,Very High Alert,High,High,High,High,High,Medium,High,High,High,High,High,High,Low,Low,Low,Medium
Central African Republic,2021,Very High Alert,High,High,High,High,High,Medium,High,High,High,High,High,High,Low,Low,Low,Medium
Chad,2019,Very High Alert,High,High,High,High,High,High,High,High,High,High,High,High,Low,Low,Low,Medium
Chad,2020,Very High Alert,High,High,High,High,High,High,High,High,High,High,High,Medium,Low,Low,Low,Medium
Chad,2021,Very High Alert,High,High,High,High,High,Medium,High,High,High,High,High,Medium,Low,Low,Low,Medium
Chile,2019,Sustainable,Low,Low,Low,Low,Medium,Low,Low,Low,Low,Low,Low,Low,Medium,High,High,Medium
Chile,2020,Sustainable,Low,Low,Low,Low,Medium,Low,Medium,Low,Low,Low,Low,Low,Medium,High,High,Medium
Chile,2021,Sustainable,Low,Low,Low,Low,Medium,Low,Medium,Low,Low,Medium,Low,Low,Medium,High,High,Medium
China,2019,Warning,Medium,Medium,Medium,Low,Medium,Low,High,Medium,High,Medium,Low,Low,Medium,Medium,High,Medium
China,2020,Stable,Medium,Medium,Medium,Low,Medium,Low,High,Low,High,Medium,Low,Low,Medium,High,High,Medium
China,2021,Stable,Medium,Medium,Medium,Low,Medium,Low,High,Medium,High,Medium,Low,Low,Medium,High,High,Medium
Colombia,2019,Warning,Medium,Medium,Medium,Low,Medium,Medium,Medium,Medium,Medium,Medium,Medium,Medium,Low,Medium,High,Medium
Colombia,2020,Warning,Medium,Medium,Medium,Low,Medium,Medium,Medium,Medium,Medium,Medium,Medium,Medium,Low,High,Medium,High
Colombia,2021,Warning,Medium,Medium,Medium,Medium,Medium,Medium,Medium,Medium,Medium,High,Medium,Medium,Low,High,Medium,Medium
Comoros,2019,Warning,Medium,High,Low,Medium,Medium,Medium,Medium,Medium,Medium,Medium,Medium,Medium,Low,Low,Medium,Medium
Comoros,2020,Warning,Medium,High,Low,Medium,Medium,Medium,Medium,Medium,Medium,Medium,Medium,Medium,Low,Low,Medium,Medium
Comoros,2021,Warning,Medium,High,Low,Medium,Medium,Medium,Medium,High,Medium,High,Medium,Medium,Low,Low,Medium,Medium
Congo Democratic Republic,2019,Very High Alert,High,High,High,High,High,Medium,High,High,High,High,High,High,Low,Low,Medium,Low
Congo Democratic Republic,2020,Very High Alert,High,High,High,High,High,Medium,High,High,High,High,High,High,Low,Low,Medium,Low
Congo Democratic Republic,2021,Very High Alert,High,High,High,High,High,Medium,High,High,High,High,High,High,Low,Low,Medium,Low
Congo Republic,2019,Alert,Medium,Medium,Medium,Medium,High,Medium,High,High,High,High,Medium,Medium,Low,Low,Medium,Medium
Congo Republic,2020,Alert,Medium,Medium,High,Medium,High,Medium,High,High,High,High,Medium,Medium,Low,Low,Medium,Medium
Congo Republic,2021,Alert,Medium,Medium,High,High,High,Medium,High,High,Medium,High,Medium,Medium,Low,Low,Medium,Medium
Costa Rica,2019,Sustainable,Low,Low,Low,Low,Low,Low,Low,Low,Low,Low,Low,Low,Medium,High,High,Medium
Costa Rica,2020,Sustainable,Low,Low,Low,Low,Low,Low,Low,Low,Low,Low,Low,Low,Medium,High,High,Medium
Costa Rica,2021,Sustainable,Low,Low,Low,Medium,Low,Low,Low,Low,Low,Low,Low,Low,Medium,High,High,Medium
Cote d'Ivoire,2019,Alert,Medium,High,Medium,Medium,Medium,Medium,Medium,High,Medium,High,Medium,High,Low,Medium,Medium,Low
Cote d'Ivoire,2020,Warning,Medium,High,Medium,Medium,Medium,Medium,Medium,High,Medium,High,Medium,High,Low,Medium,Medium,Low
Cote d'Ivoire,2021,Alert,Medium,High,Medium,Medium,Medium,Medium,Medium,High,Medium,High,Medium,Medium,Low,Medium,Medium,Low
Croatia,2019,Sustainable,Low,Low,Medium,Medium,Low,Low,Low,Low,Low,Low,Medium,Low,Medium,High,High,Medium
Croatia,2020,Sustainable,Low,Low,Low,Medium,Low,Medium,Low,Low,Low,Low,Medium,Low,Medium,High,High,Medium
Croatia,2021,Sustainable,Low,Low,Low,Medium,Low,Medium,Low,Low,Low,Low,Medium,Low,Medium,High,High,Medium
Cuba,2019,Stable,Low,Medium,Low,Low,Low,Medium,Medium,Low,Medium,Medium,Low,Low,Low,High,High,Medium
Cuba,2020,Stable,Low,Medium,Low,Low,Low,Medium,Medium,Low,Medium,Medium,Low,Medium,Low,High,High,Medium
Cuba,2021,Stable,Low,Medium,Low,Low,Low,Medium,Medium,Low,Medium,Medium,Low,Medium,Low,High,Medium,Medium
Cyprus,2019,Stable,Low,Medium,Medium,Medium,Medium,Low,Low,Low,Low,Low,Medium,High,Medium,High,High,Medium
Cyprus,2020,Stable,Low,Medium,Medium,Medium,Medium,Low,Low,Low,Low,Low,Medium,High,Medium,High,High,Medium
Cyprus,2021,Stable,Low,Medium,Medium,Medium,Low,Low,Low,Low,Low,Low,Medium,High,High,High,High,Medium
Czech Republic,2019,Sustainable,Low,Medium,Low,Low,Low,Low,Low,Low,Low,Low,Low,Low,Medium,High,High,Low
Czech Republic,2020,Sustainable,Low,Medium,Low,Low,Low,Low,Low,Low,Low,Low,Low,Low,Medium,High,High,Low
Czech Republic,2021,Sustainable,Low,Medium,Low,Low,Low,Low,Low,Low,Low,Low,Low,Low,Medium,High,High,Low
Denmark,2019,Very Sustainable,Low,Low,Low,Low,Low,Low,Low,Low,Low,Low,Low,Low,High,High,High,Low
Denmark,2020,Very Sustainable,Low,Low,Low,Low,Low,Low,Low,Low,Low,Low,Low,Low,High,High,High,Low
Denmark,2021,Very Sustainable,Low,Low,Low,Low,Low,Low,Low,Low,Low,Low,Low,Low,High,High,High,Low
Djibouti,2019,Warning,Medium,Medium,Medium,Medium,Medium,Medium,High,Medium,Medium,Medium,Medium,High,Low,Medium,Medium,Medium
Djibouti,2020,Warning,Medium,Medium,Medium,Medium,Medium,Low,High,Medium,Medium,Medium,Medium,Medium,Low,Medium,Medium,Medium
Djibouti,2021,Warning,Medium,Medium,Medium,Medium,Medium,Low,High,Medium,Medium,Medium,Medium,High,Low,Medium,Medium,Medium
Dominican Republic,2019,Stable,Medium,Medium,Medium,Low,Medium,Medium,Medium,Medium,Medium,Medium,Low,Low,Low,High,Medium,Low
Dominican Republic,2020,Stable,Medium,Medium,Low,Low,Medium,Medium,Medium,Medium,Medium,Medium,Low,Low,Low,High,Medium,Low
Dominican Republic,2021,Stable,Medium,Medium,Low,Medium,Low,Medium,Medium,Medium,Low,Medium,Low,Low,Low,High,Medium,Low
Ecuador,2019,Warning,Medium,High,Medium,Medium,Medium,Medium,Medium,Medium,Low,Medium,Medium,Medium,Low,Medium,High,Medium
Ecuador,2020,Stable,Medium,High,Medium,Medium,Medium,Low,Medium,Medium,Low,Medium,Medium,Medium,Low,High,Medium,Medium
Ecuador,2021,Warning,Medium,High,Medium,Medium,Medium,Low,Medium,Medium,Low,Medium,Medium,Medium,Low,High,Medium,Medium
Egypt,2019,Warning,High,High,High,Medium,Medium,Medium,High,Low,High,Medium,Medium,Medium,Low,Medium,Medium,Low
Egypt,2020,Warning,Medium,High,High,Medium,Medium,Medium,High,Low,High,Medium,Medium,Medium,Low,High,Medium,Low
Egypt,2021,Warning,Medium,High,High,Medium,Medium,Medium,High,Low,High,Medium,Medium,Medium,Low,High,Medium,Low
El Salvador,2019,Stable,Medium,Low,Medium,Medium,Medium,High,Low,Medium,Medium,Medium,Low,Medium,Low,Medium,Medium,Low
El Salvador,2020,Stable,Medium,Low,Medium,Medium,Medium,High,Low,Medium,Medium,Medium,Medium,Medium,Low,Medium,Medium,Low
El Salvador,2021,Warning,Medium,Low,Medium,Medium,Medium,High,Low,Medium,Medium,Medium,Medium,Medium,Low,Medium,Medium,Low
Equatorial Guinea,2019,Warning,Medium,High,Medium,Medium,High,Low,High,High,High,Medium,Low,Low,Low,Medium,Medium,Low
Equatorial Guinea,2020,Warning,Medium,High,Medium,Medium,High,Low,High,High,High,High,Low,Low,Low,Medium,Medium,Medium
Equatorial Guinea,2021,Warning,Medium,High,Medium,Medium,Medium,Low,High,High,High,High,Medium,Low,Low,Medium,Medium,Low
Eritrea,2019,Alert,Medium,High,Medium,Medium,High,High,High,Medium,High,High,Medium,Medium,Low,Low,Medium,Medium
Eritrea,2020,Alert,Medium,High,High,Medium,High,High,High,Medium,High,High,Medium,Medium,Low,Low,Medium,Medium
Eritrea,2021,Alert,Medium,High,High,Medium,High,High,High,High,High,High,Medium,Medium,Low,Low,Medium,Medium
Estonia,2019,Sustainable,Low,Medium,Medium,Low,Low,Low,Low,Low,Low,Low,Low,Low,Medium,High,High,Medium
Estonia,2020,Sustainable,Low,Medium,Medium,Low,Low,Low,Low,Low,Low,Low,Low,Low,Medium,High,High,Medium
Estonia,2021,Sustainable,Low,Medium,Medium,Low,Low,Low,Low,Low,Low,Low,Low,Low,Medium,High,High,Medium
Eswatini,2019,Warning,Medium,Medium,Low,High,High,Medium,High,Medium,High,High,Low,Medium,Low,Medium,Low,Medium
Eswatini,2020,Warning,Medium,Medium,Low,High,Medium,Medium,High,Medium,High,High,Low,Medium,Low,Medium,Low,Medium
Eswatini,2021,Warning,Medium,Medium,Low,High,High,Medium,High,Medium,High,High,Low,Medium,Low,Medium,Low,Medium
Ethiopia,2019,Alert,High,Medium,High,Medium,Medium,Medium,High,High,High,High,High,Medium,Low,Low,Medium,Low
Ethiopia,2020,Alert,Medium,High,High,Medium,Medium,Medium,High,High,Medium,High,High,Medium,Low,Low,Medium,Low
Ethiopia,2021,Alert,High,High,High,Medium,Medium,Medium,High,High,High,High,High,High,Low,Low,Medium,Medium
Fiji,2019,Warning,Medium,Medium,Medium,Medium,Medium,High,Medium,Low,Medium,Low,Low,Medium,Low,Medium,Medium,Low
Fiji,2020,Stable,Medium,Medium,Medium,Medium,Medium,Medium,Medium,Low,Medium,Low,Low,Medium,Low,High,Medium,Medium
Fiji,2021,Warning,Medium,Medium,Medium,Medium,Medium,Medium,Medium,Low,Medium,Low,Low,Medium,Low,High,Medium,Medium
Finland,2019,Very Sustainable,Low,Low,Low,Low,Low,Low,Low,Low,Low,Low,Low,Low,High,High,High,Low
Finland,2020,Very Sustainable,Low,Low,Low,Low,Low,Low,Low,Low,Low,Low,Low,Low,High,High,High,Low
Finland,2021,Very Sustainable,Low,Low,Low,Low,Low,Low,Low,Low,Low,Low,Low,Low,High,High,High,Low
France,2019,Sustainable,Low,Low,Medium,Low,Low,Low,Low,Low,Low,Low,Low,Low,High,High,High,Medium
France,2020,Sustainable,Low,Low,Medium,Low,Low,Low,Low,Low,Low,Low,Low,Low,High,High,High,Medium
France,2021,Sustainable,Low,Low,Medium,Low,Low,Low,Low,Low,Low,Low,Low,Low,High,High,High,Medium
Gabon,2019,Warning,Low,Medium,Low,Medium,Medium,Medium,Medium,Medium,Medium,Medium,Low,Medium,Low,Medium,Medium,Medium
Gabon,2020,Stable,Medium,High,Low,Medium,Medium,Medium,Medium,Medium,Medium,Medium,Low,Low,Low,Medium,Medium,Medium
Gabon,2021,Stable,Low,High,Low,Medium,Medium,Medium,Medium,Medium,Medium,Medium,Low,Low,Low,Medium,Medium,Medium
Gambia,2019,Warning,Medium,Medium,Low,High,Medium,Medium,Medium,Medium,High,High,Medium,Medium,Low,Low,Medium,Low
Gambia,2020,Warning,Medium,Medium,Low,High,Medium,Medium,Medium,Medium,High,High,Medium,Medium,Low,Medium,Medium,Low
Gambia,2021,Warning,Medium,Medium,Low,High,Medium,Medium,Medium,Medium,Medium,High,Medium,Medium,Low,Medium,Medium,Low
Georgia,2019,Warning,Medium,High,Medium,Medium,Low,Low,High,Low,Medium,Low,Medium,Medium,Low,High,Medium,Medium
Georgia,2020,Warning,Medium,High,Medium,Medium,Low,Medium,High,Low,Medium,Low,Medium,Medium,Low,High,Medium,Medium
Georgia,2021,Warning,Medium,High,Medium,Medium,Low,Medium,High,Low,Low,Low,Medium,Medium,Low,High,Medium,Medium
Germany,2019,Very Sustainable,Low,Low,Low,Low,Low,Low,Low,Low,Low,Low,Low,Low,High,High,High,Low
Germany,2020,Very Sustainable,Low,Low,Low,Low,Low,Low,Low,Low,Low,Low,Low,Low,High,High,High,Low
Germany,2021,Very Sustainable,Low,Low,Low,Low,Low,Low,Low,Low,Low,Low,Low,Low,High,High,High,Low
Ghana,2019,Stable,Low,Low,Low,Medium,Medium,Medium,Low,Medium,Medium,Medium,Low,Medium,Low,Low,Medium,Low
Ghana,2020,Stable,Low,Low,Low,Medium,Medium,Medium,Low,Medium,Low,Medium,Low,Medium,Low,Medium,Medium,Low
Ghana,2021,Stable,Low,Medium,Low,Medium,Medium,Medium,Low,Medium,Low,Medium,Low,Medium,Low,High,Medium,Low
Greece,2019,Stable,Low,Low,Low,Medium,Low,Low,Medium,Low,Low,Low,Medium,Medium,Medium,High,High,Medium
Greece,2020,Stable,Low,Low,Low,Medium,Low,Low,Medium,Low,Low,Low,Medium,Medium,Medium,High,High,Medium
Greece,2021,Stable,Low,Low,Low,Medium,Low,Low,Medium,Low,Low,Low,Medium,Medium,Medium,High,High,High
Grenada,2019,Stable,Medium,Medium,Low,Medium,Low,Medium,Low,Low,Low,Low,Low,Medium,Medium,Medium,Medium,Medium
Grenada,2020,Stable,Medium,Medium,Low,Medium,Low,Medium,Low,Low,Low,Low,Low,Medium,Low,Medium,High,Medium
Grenada,2021,Stable,Low,Medium,Low,Medium,Low,Medium,Low,Low,Low,Low,Low,Medium,Low,High,Medium,Medium
Guatemala,2019,Warning,Medium,Medium,High,Medium,Medium,Medium,Medium,Medium,Medium,Medium,Medium,Low,Low,Medium,Medium,Low
Guatemala,2020,Warning,Medium,Medium,High,Low,Medium,Medium,Medium,Medium,Medium,Medium,Medium,Low,Low,Medium,Medium,Low
Guatemala,2021,Warning,Medium,Medium,High,Medium,Medium,Medium,Medium,Medium,Medium,Medium,Low,Low,Low,Medium,Medium,Low
Guinea,2019,Alert,High,High,High,High,Medium,Medium,High,High,Medium,High,Medium,Medium,Low,Low,Low,Low
Guinea,2020,Alert,High,High,High,High,Medium,Medium,High,High,Medium,High,Medium,Medium,Low,Low,Low,Low
Guinea,2021,Alert,High,High,High,High,Medium,Medium,High,High,Medium,High,Medium,Medium,Low,Low,Low,Medium
Guinea Bissau,2019,Alert,High,High,Low,Medium,High,Medium,High,High,Medium,High,Medium,High,Low,Low,Medium,Low
Guinea Bissau,2020,Alert,High,High,Low,Medium,High,Medium,High,High,Medium,High,Medium,Medium,Low,Low,Medium,Medium
Guinea Bissau,2021,Alert,Medium,High,Low,Medium,High,Medium,High,High,Medium,High,Medium,Medium,Low,Low,Medium,Low
Guyana,2019,Stable,Medium,Medium,Medium,Medium,Medium,High,Low,Medium,Low,Medium,Low,Medium,Low,Medium,Medium,Low
Guyana,2020,Stable,Medium,Medium,Medium,Medium,Low,High,Low,Medium,Low,Medium,Low,Medium,Low,Medium,Medium,Low
Guyana,2021,Stable,Medium,Medium,Medium,Low,Low,High,Low,Medium,Low,Medium,Low,Medium,Low,High,Medium,Low
Haiti,2019,Alert,Medium,High,Medium,High,High,High,High,High,Medium,High,Medium,High,Low,Medium,Medium,Low
Haiti,2020,Alert,Medium,High,Medium,High,High,High,High,High,Medium,High,Medium,High,Low,Medium,Medium,Low
Haiti,2021,Alert,Medium,High,Medium,High,High,High,High,High,Medium,High,Medium,High,Low,Medium,Medium,Low
Honduras,2019,Warning,Medium,Medium,Medium,Medium,Medium,Medium,Medium,Medium,Medium,Medium,Medium,Medium,Low,Medium,Medium,Medium
Honduras,2020,Warning,Medium,Medium,Medium,Medium,Medium,Medium,Medium,Medium,Medium,Medium,Medium,Medium,Low,Medium,Medium,Low
Honduras,2021,Warning,Medium,Medium,Medium,Medium,Medium,Medium,Medium,Medium,Medium,Medium,Medium,Medium,Low,Medium,Medium,Low
Hungary,2019,Sustainable,Low,Medium,Low,Low,Low,Low,Medium,Low,Medium,Low,Medium,Low,Medium,High,High,Low
Hungary,2020,Sustainable,Low,Medium,Low,Low,Low,Low,Medium,Low,Medium,Low,Medium,Low,Medium,High,High,Medium
Hungary,2021,Stable,Low,Medium,Low,Medium,Low,Low,Medium,Low,Medium,Low,Medium,Low,Medium,High,Medium,Low
Iceland,2019,Very Sustainable,Low,Low,Low,Low,Low,Low,Low,Low,Low,Low,Low,Low,High,High,High,Medium
Iceland,2020,Very Sustainable,Low,Low,Low,Low,Low,Low,Low,Low,Low,Low,Low,Low,High,High,High,Medium
Iceland,2021,Very Sustainable,Low,Low,Low,Low,Low,Low,Low,Low,Low,Low,Low,Low,High,High,High,Medium
India,2019,Warning,Medium,Medium,High,Medium,Medium,Medium,Low,Medium,Medium,Medium,Low,Medium,Low,Low,Medium,Medium
India,2020,Warning,Medium,Medium,High,Medium,Medium,Medium,Low,Medium,Medium,Medium,Low,Low,Low,Medium,Medium,Medium
India,2021,Warning,Medium,Medium,High,Medium,Medium,Medium,Low,Medium,Medium,High,Low,Low,Low,Medium,Medium,Medium
Indonesia,2019,Warning,Medium,Medium,Medium,Low,Medium,Medium,Low,Medium,Medium,Medium,Low,Low,Low,Medium,Medium,Low
Indonesia,2020,Stable,Medium,Medium,Medium,Low,Low,Medium,Low,Medium,Medium,Medium,Low,Low,Low,Medium,Medium,Low
Indonesia,2021,Stable,Medium,Medium,Medium,Low,Low,Medium,Low,Medium,Medium,Medium,Low,Low,Low,Medium,Medium,Low
Iran,2019,Warning,Medium,High,High,Medium,Medium,Medium,High,Low,High,Low,Medium,Medium,Low,High,High,Medium
Iran,2020,Warning,Medium,High,High,Medium,Medium,Medium,High,Low,High,Low,Medium,Medium,Low,High,Medium,Medium
Iran,2021,Warning,Medium,High,High,Medium,Low,Medium,High,Low,High,Medium,Medium,Medium,Low,High,Medium,Medium
Iraq,2019,Alert,High,High,High,Medium,Medium,Medium,High,High,High,High,High,High,Low,Medium,Medium,Medium
Iraq,2020,Alert,High,High,High,Medium,Medium,Medium,High,High,Medium,High,High,High,Low,Medium,Medium,Medium
Iraq,2021,Alert,Medium,High,High,Medium,Medium,Medium,High,High,High,High,High,High,Low,Medium,Medium,Medium
Ireland,2019,Very Sustainable,Low,Low,Low,Low,Low,Low,Low,Low,Low,Low,Low,Low,High,High,High,Low
Ireland,2020,Very Sustainable,Low,Low,Low,Low,Low,Low,Low,Low,Low,Low,Low,Low,High,High,High,Low
Ireland,2021,Very Sustainable,Low,Low,Low,Low,Low,Low,Low,Low,Low,Low,Low,Low,High,High,High,Low
Israel,2021,Sustainable,Low,Medium,Medium,Low,Low,Low,Low,Low,Low,Low,Low,Low,High,High,High,High
Israel and West Bank,2019,Warning,Medium,High,High,Low,Medium,Low,Medium,Low,Medium,Medium,Medium,Medium,Low,High,Medium,Medium
Israel and West Bank,2020,Warning,Medium,High,High,Low,Medium,Low,Medium,Low,Medium,Medium,Medium,Medium,Low,High,Medium,Medium
Italy,2019,Sustainable,Medium,Low,Low,Medium,Low,Low,Low,Low,Low,Low,Medium,Low,High,High,High,Low
Italy,2020,Sustainable,Medium,Low,Low,Low,Low,Low,Low,Low,Low,Low,Medium,Low,High,High,High,Medium
Italy,2021,Sustainable,Medium,Low,Low,Medium,Low,Low,Low,Low,Low,Medium,Low,Low,High,High,High,Medium
Jamaica,2019,Stable,Medium,Low,Low,Medium,Low,High,Low,Medium,Medium,Low,Low,Medium,Low,High,Medium,Medium
Jamaica,2020,Stable,Medium,Low,Low,Medium,Low,High,Low,Medium,Medium,Low,Low,Low,Low,High,Medium,Medium
Jamaica,2021,Stable,Medium,Low,Low,Medium,Low,High,Low,Medium,Medium,Low,Low,Low,Low,High,Medium,Low
Japan,2019,Sustainable,Low,Low,Low,Low,Low,Low,Low,Low,Low,Medium,Low,Low,High,High,High,Low
Japan,2020,Sustainable,Low,Low,Low,Low,Low,Low,Low,Low,Low,Medium,Low,Low,High,High,High,Low
Japan,2021,Sustainable,Low,Low,Low,Low,Low,Low,Low,Low,Low,Medium,Low,Low,High,High,High,Low
Jordan,2019,Warning,Medium,Medium,High,Medium,Medium,Low,Medium,Low,Medium,Medium,High,Medium,Low,High,High,High
Jordan,2020,Warning,Medium,Medium,High,Medium,Low,Low,Medium,Low,Medium,Medium,High,Medium,Low,High,High,High
Jordan,2021,Warning,Medium,Medium,High,Medium,Low,Medium,Medium,Medium,Medium,Medium,High,Medium,Low,High,Medium,High
Kazakhstan,2019,Stable,Low,Medium,High,Medium,Low,Low,High,Low,Medium,Low,Low,Low,Low,High,Medium,Low
Kazakhstan,2020,Stable,Low,Medium,High,Medium,Low,Low,High,Low,Medium,Low,Low,Low,Low,High,Medium,Low
Kazakhstan,2021,Stable,Low,Medium,High,Medium,Low,Low,High,Low,Medium,Low,Low,Low,Low,High,Medium,Low
Kenya,2019,Alert,Medium,High,High,Medium,Medium,Medium,High,High,Medium,High,Medium,Medium,Low,Low,Medium,Low
Kenya,2020,Alert,Medium,High,High,Medium,Medium,Medium,Medium,Medium,Medium,High,Medium,Medium,Low,Low,Medium,Low
Kenya,2021,Warning,Medium,High,High,Medium,Medium,Medium,Medium,High,Medium,High,Medium,Medium,Low,Low,Medium,Low
Kuwait,2019,Stable,Low,Medium,Low,Low,Low,Low,Medium,Low,Medium,Low,Low,Low,High,High,High,High
Kuwait,2020,Stable,Low,Medium,Low,Low,Low,Low,Medium,Low,Medium,Low,Low,Low,Medium,High,High,High
Kuwait,2021,Stable,Low,Medium,Low,Low,Low,Low,Medium,Low,Medium,Low,Low,Low,High,High,High,High
Kyrgyzstan,2019,Warning,Medium,High,High,Medium,Medium,Medium,Medium,Low,Medium,Medium,Low,Medium,Low,Medium,Medium,Medium
Kyrgyzstan,2020,Warning,Medium,High,High,Medium,Medium,Medium,Medium,Low,Medium,Medium,Low,Medium,Low,High,Medium,Medium
Kyrgyzstan,2021,Warning,Medium,High,High,Medium,Low,Medium,High,Medium,Medium,Medium,Low,Medium,Low,High,Medium,Medium
Laos,2019,Warning,Medium,High,Medium,Medium,Medium,Medium,High,Medium,Medium,Medium,Medium,Medium,Low,Medium,Medium,Medium
Laos,2020,Warning,Low,High,Medium,Medium,Medium,Medium,High,Medium,Medium,Medium,Medium,Medium,Low,Medium,Medium,Medium
Laos,2021,Warning,Low,High,Medium,Medium,Medium,Medium,High,Medium,Medium,Medium,Medium,Low,Low,Medium,Medium,Medium
Latvia,2019,Sustainable,Low,Low,High,Low,Low,Medium,Low,Low,Low,Low,Low,Low,Medium,High,High,Medium
Latvia,2020,Sustainable,Low,Low,High,Low,Low,Medium,Low,Low,Low,Low,Low,Low,Medium,High,High,Medium
Latvia,2021,Sustainable,Low,Low,High,Low,Low,Medium,Low,Low,Low,Low,Low,Low,Medium,High,Medium,Medium
Lebanon,2019,Warning,High,High,High,Medium,Medium,Medium,Medium,Medium,Medium,Medium,High,High,Low,High,High,High
Lebanon,2020,Warning,Medium,High,High,Medium,Low,Medium,Medium,Low,Medium,Low,High,High,Low,High,High,Medium
Lebanon,2021,Warning,Medium,High,Medium,High,Medium,Medium,Medium,Medium,Medium,Medium,High,High,Low,High,Medium,Medium
Lesotho,2019,Warning,Medium,Medium,Low,High,High,High,Medium,Medium,Medium,High,Low,Medium,Low,Medium,Low,Medium
Lesotho,2020,Warning,Medium,Medium,Low,High,High,Medium,Medium,Medium,Medium,High,Low,Medium,Low,Medium,Low,Medium
Lesotho,2021,Warning,Medium,Medium,Low,High,High,Medium,Low,Medium,Medium,High,Low,Medium,Low,Medium,Low,Medium
Liberia,2019,Alert,Medium,High,Medium,Medium,Medium,Medium,Medium,High,Medium,High,High,High,Low,Low,Medium,Low
Liberia,2020,Alert,Medium,High,Low,High,Medium,Medium,Medium,High,Medium,High,Medium,High,Low,Low,Medium,Low
Liberia,2021,Warning,Medium,High,Low,High,Medium,Medium,Medium,High,Medium,High,Medium,High,Low,Low,Medium,Low
Libya,2019,Alert,High,High,Medium,Medium,Medium,Medium,High,Medium,High,Low,Medium,High,Low,High,Medium,Medium
Libya,2020,Alert,High,High,Medium,High,Medium,Medium,High,Medium,High,Medium,High,High,Low,High,Medium,Medium
Libya,2021,Alert,High,High,Medium,High,Medium,Medium,High,Medium,High,Medium,Medium,High,Low,High,Medium,Medium
Lithuania,2019,Sustainable,Low,Low,Low,Low,Low,Low,Low,Low,Low,Low,Low,Low,Medium,High,High,Medium
Lithuania,2020,Sustainable,Low,Low,Low,Low,Low,Low,Low,Low,Low,Low,Low,Low,Medium,High,High,Medium
Lithuania,2021,Sustainable,Low,Low,Low,Low,Low,Medium,Low,Low,Low,Low,Low,Low,Medium,High,Medium,Medium
Luxembourg,2019,Very Sustainable,Low,Low,Low,Low,Low,Low,Low,Low,Low,Low,Low,Low,High,High,High,Low
Luxembourg,2020,Very Sustainable,Low,Low,Low,Low,Low,Low,Low,Low,Low,Low,Low,Low,High,High,High,Low
Luxembourg,2021,Very Sustainable,Low,Low,Low,Low,Low,Low,Low,Low,Low,Low,Low,Low,High,High,High,Low
Macedonia,2019,Stable,Medium,Medium,Medium,Medium,Low,Medium,Medium,Low,Low,Low,Medium,Medium,Low,High,High,Low
Macedonia,2020,Stable,Medium,Medium,Medium,Medium,Low,Medium,Medium,Low,Low,Low,Medium,Medium,Low,High,Medium,Low
Macedonia,2021,Stable,Low,Medium,Medium,Medium,Low,Medium,Medium,Low,Low,Low,Medium,Medium,Low,High,Medium,Low
Madagascar,2019,Warning,Medium,Medium,Low,Medium,High,Medium,Medium,High,Medium,High,Low,Medium,Low,Low,Medium,Low
Madagascar,2020,Warning,Medium,Medium,Low,Medium,High,Medium,Medium,High,Medium,High,Low,Medium,Low,Low,Medium,Low
Madagascar,2021,Warning,Medium,Medium,Low,Medium,High,Medium,Medium,High,Medium,High,Low,Medium,Low,Low,Medium,Low
Malawi,2019,Warning,Low,High,Medium,High,High,Medium,Medium,High,Medium,High,Medium,Medium,Low,Low,Medium,Low
Malawi,2020,Warning,Medium,High,Medium,Medium,High,Medium,Medium,Medium,Medium,High,Medium,Medium,Low,Low,Medium,Low
Malawi,2021,Warning,Low,High,Low,Medium,High,Medium,Medium,High,Medium,High,Medium,Medium,Low,Low,Medium,Low
Malaysia,2019,Stable,Medium,Medium,Medium,Low,Low,Medium,Medium,Low,Medium,Low,Low,Low,Medium,High,High,Low
Malaysia,2020,Stable,Medium,Medium,Medium,Low,Low,Low,Medium,Low,Medium,Low,Low,Low,Low,High,High,Low
Malaysia,2021,Stable,Medium,Medium,Medium,Low,Low,Low,Medium,Low,Medium,Low,Low,Low,Medium,High,Medium,Low
Maldives,2019,Stable,Medium,High,Low,Medium,Low,Medium,High,Medium,Medium,Medium,Low,Medium,Medium,High,High,Medium
Maldives,2020,Stable,Medium,High,Low,Medium,Low,Medium,Medium,Low,Medium,Medium,Low,Medium,Low,High,High,Medium
Maldives,2021,Stable,Medium,High,Low,Medium,Low,Medium,Medium,Medium,Medium,Medium,Low,Medium,Medium,High,High,Medium
Mali,2019,Alert,High,Medium,High,Medium,Medium,High,Medium,High,Medium,High,High,High,Low,Low,Low,Medium
Mali,2020,Alert,High,Medium,High,Medium,Medium,High,Medium,High,Medium,High,High,High,Low,Low,Low,Medium
Mali,2021,Alert,High,Medium,High,Medium,Medium,Medium,Medium,High,Medium,High,High,High,Low,Medium,Low,Medium
Malta,2019,Sustainable,Low,Low,Low,Low,Low,Low,Low,Low,Low,Low,Low,Low,High,High,High,Low
Malta,2020,Sustainable,Low,Low,Low,Low,Low,Low,Low,Low,Low,Low,Low,Low,High,High,High,Low
Malta,2021,Sustainable,Low,Low,Low,Low,Low,Low,Low,Low,Low,Low,Low,Low,High,High,High,Low
Mauritania,2019,Alert,Medium,High,Medium,Medium,Medium,Medium,High,High,Medium,High,Medium,Medium,Low,Low,Medium,Medium
Mauritania,2020,Warning,Medium,High,Medium,Medium,Medium,Medium,High,High,Medium,High,Medium,Medium,Low,Low,Medium,Medium
Mauritania,2021,Warning,Medium,High,Medium,Medium,Medium,Medium,Medium,High,Medium,High,Medium,Medium,Low,Medium,Medium,Medium
Mauritius,2019,Sustainable,Low,Low,Low,Low,Low,Low,Low,Low,Low,Low,Low,Low,Medium,Medium,Medium,Low
Mauritius,2020,Sustainable,Low,Low,Low,Low,Low,Low,Low,Low,Low,Low,Low,Low,Low,High,Medium,Low
Mauritius,2021,Sustainable,Low,Low,Low,Medium,Low,Low,Low,Low,Low,Low,Low,Low,Low,High,Medium,Low
Mexico,2019,Stable,High,Medium,Medium,Low,Medium,Medium,Medium,Medium,Medium,Medium,Low,Medium,Medium,High,Medium,Low
Mexico,2020,Stable,High,Medium,Medium,Low,Medium,Medium,Medium,Medium,Medium,Medium,Low,Low,Low,High,Medium,Low
Mexico,2021,Stable,High,Medium,Medium,Medium,Medium,Low,Medium,Medium,Medium,Medium,Medium,Low,Medium,High,Medium,Low
Micronesia,2019,Warning,Low,Medium,Low,High,Medium,High,Low,Medium,Low,Medium,Low,High,Low,Medium,Medium,Medium
Micronesia,2020,Warning,Low,Medium,Low,Medium,Medium,High,Low,Medium,Low,Medium,Low,High,Low,Medium,Medium,Medium
Micronesia,2021,Warning,Low,Medium,Low,High,Medium,High,Low,Medium,Low,Medium,Low,High,Low,Medium,Medium,Medium
Moldova,2019,Stable,Medium,High,Medium,Medium,Low,Medium,Medium,Low,Low,Low,Low,Medium,Low,High,Medium,Low
Moldova,2020,Stable,Medium,High,Medium,Medium,Low,Medium,Medium,Low,Low,Low,Low,Medium,Low,High,Medium,Low
Moldova,2021,Stable,Medium,High,Medium,Medium,Low,Medium,Medium,Medium,Low,Medium,Low,Medium,Low,High,Medium,Low
Mongolia,2019,Stable,Low,Medium,Low,Low,Medium,Low,Low,Low,Low,Low,Low,Medium,Low,Medium,Medium,Low
Mongolia,2020,Stable,Low,Medium,Low,Low,Medium,Low,Low,Low,Low,Low,Low,Medium,Low,Medium,Medium,Low
Mongolia,2021,Stable,Low,Medium,Low,Medium,Medium,Low,Low,Medium,Low,Low,Low,Medium,Low,High,Medium,Low
Montenegro,2019,Stable,Low,Medium,High,Medium,Low,Low,Low,Low,Low,Low,Low,Medium,Low,High,High,Low
Montenegro,2020,Stable,Low,Medium,High,Medium,Low,Low,Low,Low,Low,Low,Low,Medium,Low,High,High,Medium
Montenegro,2021,Stable,Low,Medium,High,Medium,Low,Low,Low,Low,Low,Low,Low,Medium,Low,High,Medium,Medium
Morocco,2019,Warning,Medium,Medium,High,Medium,Medium,Medium,Medium,Low,Medium,Low,Medium,Medium,Low,High,Medium,Medium
Morocco,2020,Warning,Medium,Medium,High,Medium,Medium,Medium,Medium,Low,Medium,Low,Medium,Medium,Low,High,Medium,High
Morocco,2021,Warning,Low,Medium,High,Medium,Medium,Medium,Medium,Medium,Medium,Low,Medium,Medium,Low,High,Medium,High
Mozambique,2019,Warning,Medium,Medium,Medium,High,High,Medium,Medium,High,Medium,High,Medium,Medium,Low,Low,Medium,Low
Mozambique,2020,Alert,Medium,Medium,Medium,High,High,Medium,Medium,High,Medium,High,Medium,Medium,Low,Low,Medium,Medium
Mozambique,2021,Alert,Medium,Medium,Medium,High,High,Medium,Medium,High,Medium,High,Medium,Medium,Low,Low,Medium,Medium
Myanmar,2019,Alert,High,High,High,Medium,Medium,Medium,High,High,High,Medium,High,Medium,Low,Medium,Medium,Medium
Myanmar,2020,Alert,High,High,High,Medium,Medium,Medium,High,High,High,Medium,High,Medium,Low,Medium,Medium,Medium
Myanmar,2021,Alert,High,High,High,Low,Medium,Medium,High,High,High,Medium,High,Medium,Low,Medium,Medium,High
Namibia,2019,Stable,Medium,Low,Medium,Medium,Medium,Medium,Low,Medium,Low,Medium,Low,Medium,Low,Medium,Medium,Medium
Namibia,2020,Stable,Medium,Low,Low,Medium,Medium,Medium,Low,Medium,Low,Medium,Low,Medium,Low,Medium,Medium,Medium
Namibia,2021,Stable,Low,Low,Low,Medium,Medium,Medium,Low,Medium,Low,High,Low,Medium,Low,Medium,Medium,Medium
Nepal,2019,Warning,Medium,High,High,Medium,Medium,Medium,Medium,Medium,Medium,High,Medium,Medium,Low,Medium,Medium,Low
Nepal,2020,Warning,Medium,High,High,Medium,Medium,Medium,Medium,Medium,Medium,High,Medium,Medium,Low,Medium,Medium,Low
Nepal,2021,Warning,Medium,High,High,Medium,Medium,Medium,Medium,Medium,Medium,High,Medium,Medium,Low,Medium,Medium,Low
Netherlands,2019,Very Sustainable,Low,Low,Low,Low,Low,Low,Low,Low,Low,Low,Low,Low,High,High,High,Low
Netherlands,2020,Very Sustainable,Low,Low,Low,Low,Low,Low,Low,Low,Low,Low,Low,Low,High,High,High,Low
Netherlands,2021,Very Sustainable,Low,Low,Low,Low,Low,Low,Low,Low,Low,Low,Low,Low,High,High,High,Low
New Zealand,2019,Very Sustainable,Low,Low,Low,Low,Low,Low,Low,Low,Low,Low,Low,Low,High,High,High,Low
New Zealand,2020,Very Sustainable,Low,Low,Low,Low,Low,Low,Low,Low,Low,Low,Low,Low,High,High,High,Low
New Zealand,2021,Very Sustainable,Low,Low,Low,Low,Low,Low,Low,Low,Low,Low,Low,Low,High,High,High,Low
Nicaragua,2019,Warning,Medium,Medium,Medium,Medium,Medium,Medium,High,Medium,Medium,Medium,Low,Medium,Low,Medium,Medium,Low
Nicaragua,2020,Warning,Medium,Medium,Medium,Medium,Medium,Medium,High,Medium,Medium,Low,Low,Medium,Low,Medium,Medium,Low
Nicaragua,2021,Warning,Medium,Medium,Medium,Medium,Medium,Medium,High,Medium,Medium,Low,Low,Medium,Low,Medium,Medium,Low
Niger,2019,Alert,High,High,Medium,Medium,High,Medium,Medium,High,Medium,High,High,Medium,Low,Low,Medium,Medium
Niger,2020,Alert,High,High,Medium,Medium,Medium,Medium,Medium,High,Medium,High,High,Medium,Low,Low,Low,Medium
Niger,2021,Alert,High,High,Medium,Medium,Medium,Medium,Medium,High,Medium,High,High,Medium,Low,Low,Low,Low
Nigeria,2019,Alert,High,High,High,Medium,High,Medium,High,High,High,High,Medium,Medium,Low,Low,Low,Low
Nigeria,2020,Alert,High,High,High,Medium,Medium,Medium,High,High,High,High,Medium,Medium,Low,Low,Low,Low
Nigeria,2021,Alert,High,High,High,High,Medium,Medium,High,High,High,High,Medium,Medium,Low,Medium,Low,Low
North Korea,2019,Alert,High,High,Medium,High,Medium,Low,High,High,High,Medium,Low,High,Low,High,Medium,Medium
North Korea,2020,Alert,High,High,Medium,High,Medium,Low,High,High,High,Medium,Low,High,Low,High,Medium,Medium
North Korea,2021,Warning,High,High,Medium,High,Medium,Low,High,High,High,Medium,Low,High,Low,High,Medium,Medium
Norway,2019,Very Sustainable,Low,Low,Low,Low,Low,Low,Low,Low,Low,Low,Low,Low,High,High,High,Medium
Norway,2020,Very Sustainable,Low,Low,Low,Low,Low,Low,Low,Low,Low,Low,Low,Low,High,High,High,Medium
Norway,2021,Very Sustainable,Low,Low,Low,Low,Low,Low,Low,Low,Low,Low,Low,Low,High,High,High,Medium
Oman,2019,Stable,Low,Medium,Low,Low,Low,Low,Medium,Low,Medium,Low,Low,Low,Medium,High,High,High
Oman,2020,Sustainable,Low,Medium,Low,Low,Low,Low,Medium,Low,Medium,Low,Low,Low,Medium,High,High,High
Oman,2021,Stable,Low,Medium,Low,Medium,Low,Low,Medium,Low,Medium,Low,Low,Low,Medium,High,High,High
Pakistan,2019,Alert,High,High,High,Medium,Medium,Medium,Medium,High,Medium,Medium,High,High,Low,Low,Medium,High
Pakistan,2020,Alert,High,High,High,Medium,Medium,Medium,Medium,Medium,Medium,Medium,Medium,High,Low,Low,Medium,Medium
Pakistan,2021,Alert,Medium,High,High,Medium,Medium,Medium,Medium,High,Medium,Medium,Medium,High,Low,Low,Medium,Medium
Palestine,2021,Warning,Medium,High,Medium,Medium,Low,High,High,Low,Medium,High,Medium,High,Low,High,Medium,Medium
Panama,2019,Sustainable,Medium,Low,Medium,Low,Medium,Low,Low,Low,Low,Low,Low,Low,Medium,Medium,High,Medium
Panama,2020,Sustainable,Medium,Low,Medium,Low,Medium,Low,Low,Low,Low,Low,Low,Low,Medium,Medium,High,Medium
Panama,2021,Sustainable,Medium,Low,Medium,Low,Medium,Low,Low,Medium,Low,Medium,Low,Low,Medium,Medium,High,Medium
Papua New Guinea,2019,Warning,Medium,Medium,Medium,Medium,High,Medium,Medium,High,Medium,High,Low,Medium,Low,Low,Medium,Low
Papua New Guinea,2020,Warning,Medium,Medium,Medium,Medium,High,Medium,Medium,High,Medium,Medium,Low,Medium,Low,Low,Medium,Low
Papua New Guinea,2021,Warning,Medium,Medium,Medium,Medium,High,Medium,Medium,High,Medium,Medium,Low,Medium,Low,Low,Medium,Low
Paraguay,2019,Stable,Medium,Medium,Medium,Low,Medium,Medium,Medium,Medium,Medium,Low,Low,Low,Low,High,Medium,Low
Paraguay,2020,Stable,Medium,Medium,Low,Low,Medium,Medium,Medium,Medium,Medium,Medium,Low,Low,Low,High,Medium,Low
Paraguay,2021,Stable,Medium,Medium,Low,Low,Medium,Medium,Medium,Medium,Medium,Medium,Low,Low,Low,High,Medium,Low
Peru,2019,Stable,Medium,Medium,High,Low,Medium,Medium,Medium,Medium,Low,Medium,Low,Low,Low,Medium,High,Low
Peru,2020,Stable,Medium,Medium,High,Low,Medium,Medium,Medium,Medium,Low,Medium,Low,Low,Low,Medium,Medium,Low
Peru,2021,Warning,Medium,Medium,High,Low,Medium,Medium,Medium,Medium,Low,Medium,Low,Low,Low,High,Medium,Low
Philippines,2019,Warning,High,High,Medium,Low,Medium,Medium,Medium,Medium,Medium,Medium,Medium,Medium,Low,Medium,Medium,Low
Philippines,2020,Warning,High,High,Medium,Low,Low,Medium,Medium,Medium,Medium,Medium,Medium,Medium,Low,Medium,Medium,Low
Philippines,2021,Warning,High,High,Medium,Medium,Medium,Medium,Medium,Medium,Medium,Medium,Medium,Medium,Low,Medium,Medium,Low
Poland,2019,Sustainable,Low,Low,Medium,Low,Low,Low,Low,Low,Low,Low,Low,Low,Medium,High,High,Medium
Poland,2020,Sustainable,Low,Low,Medium,Low,Low,Low,Low,Low,Low,Low,Low,Low,Medium,High,High,Medium
Poland,2021,Sustainable,Low,Low,Medium,Low,Low,Low,Low,Low,Low,Low,Low,Low,Medium,High,High,Medium
Portugal,2019,Very Sustainable,Low,Low,Low,Low,Low,Low,Low,Low,Low,Low,Low,Low,Medium,High,High,Low
Portugal,2020,Very Sustainable,Low,Low,Low,Low,Low,Low,Low,Low,Low,Low,Low,Low,Medium,High,High,Low
Portugal,2021,Very Sustainable,Low,Low,Low,Low,Low,Low,Low,Low,Low,Low,Low,Low,Medium,High,High,Medium
Qatar,2019,Sustainable,Low,Medium,Low,Low,Low,Low,Medium,Low,Medium,Low,Low,Medium,High,High,High,High
Qatar,2020,Sustainable,Low,Medium,Low,Low,Low,Low,Medium,Low,Medium,Low,Low,Medium,High,High,High,High
Qatar,2021,Sustainable,Low,Medium,Low,Low,Low,Low,Medium,Low,Medium,Low,Low,Medium,High,High,High,High
Romania,2019,Sustainable,Low,Medium,Medium,Low,Low,Low,Medium,Low,Low,Low,Low,Low,Medium,High,High,Medium
Romania,2020,Sustainable,Low,Medium,Medium,Low,Low,Low,Medium,Low,Low,Low,Low,Low,Medium,High,Medium,Medium
Romania,2021,Stable,Low,Medium,Medium,Low,Low,Medium,Medium,Low,Low,Low,Low,Low,Medium,High,Medium,Medium
Russia,2019,Warning,High,High,High,Low,Medium,Low,High,Low,High,Low,Medium,Medium,Medium,High,Medium,High
Russia,2020,Warning,High,High,High,Low,Medium,Low,High,Low,High,Low,Low,Medium,Medium,High,Medium,High
Russia,2021,Warning,Medium,High,High,Medium,Medium,Low,High,Low,High,Low,Low,Low,Medium,High,Medium,High
Rwanda,2019,Warning,Medium,High,High,Medium,Medium,Medium,Medium,Medium,Medium,Medium,High,Medium,Low,Low,Medium,Low
Rwanda,2020,Warning,Medium,High,High,Medium,Medium,Medium,Medium,Medium,Medium,Medium,Medium,Medium,Low,Low,Medium,Low
Rwanda,2021,Warning,Medium,High,High,Medium,Medium,Medium,Medium,Medium,Medium,Medium,Medium,Medium,Low,Low,Medium,Medium
Samoa,2019,Stable,Low,Medium,Low,Medium,Low,High,Low,Low,Low,Medium,Low,High,Low,High,Medium,Medium
Samoa,2020,Stable,Low,Medium,Low,Medium,Low,High,Low,Low,Low,Medium,Low,High,Low,High,Medium,Medium
Samoa,2021,Stable,Low,Medium,Low,Medium,Low,High,Low,Low,Low,Medium,Low,High,Low,High,Medium,Medium
Sao Tome and Principe,2019,Warning,Medium,Medium,Low,High,Medium,High,Medium,Medium,Low,Medium,Low,High,Low,Medium,Medium,Medium
Sao Tome and Principe,2020,Warning,Medium,Medium,Low,Medium,Medium,High,Low,Medium,Low,Medium,Medium,High,Low,Medium,Medium,Medium
Sao Tome and Principe,2021,Warning,Low,Medium,Low,High,Medium,Medium,Low,Medium,Low,Medium,Low,Medium,Low,Medium,Medium,Medium
Saudi Arabia,2019,Warning,Medium,High,High,Low,Low,Low,High,Low,High,Low,Low,Low,Medium,High,High,High
Saudi Arabia,2020,Stable,Medium,High,High,Low,Low,Low,High,Low,High,Low,Low,Medium,Medium,High,High,High
Saudi Arabia,2021,Stable,Medium,High,High,Low,Low,Low,Medium,Low,High,Low,Low,Low,High,High,High,High
Senegal,2019,Warning,Medium,Medium,Medium,Medium,Medium,Medium,Low,Medium,Medium,Medium,Medium,Medium,Low,Medium,Medium,Medium
Senegal,2020,Warning,Medium,Medium,Medium,Medium,Medium,Medium,Low,Medium,Medium,Medium,Medium,Medium,Low,Medium,Medium,Low
Senegal,2021,Warning,Medium,Medium,Medium,Medium,Medium,Medium,Low,Medium,Low,Medium,Medium,Medium,Low,Medium,Medium,Medium
Serbia,2019,Stable,Medium,High,Medium,Medium,Low,Medium,Medium,Low,Low,Low,High,Medium,Low,High,High,Medium
Serbia,2020,Stable,Low,High,Medium,Medium,Low,Medium,Medium,Low,Low,Low,Medium,Medium,Low,High,Medium,Medium
Serbia,2021,Stable,Low,High,Medium,Medium,Low,Medium,Medium,Low,Low,Low,Medium,Medium,Low,High,Medium,Medium
Seychelles,2019,Stable,Medium,Medium,Low,Low,Medium,Medium,Low,Low,Low,Low,Low,Medium,Medium,High,Medium,Low
Seychelles,2020,Stable,Medium,Medium,Low,Low,Medium,Medium,Low,Low,Low,Low,Low,Medium,Medium,High,High,Low
Seychelles,2021,Stable,Medium,Medium,Low,Medium,Medium,Medium,Low,Low,Low,Low,Low,Medium,Medium,High,Medium,Medium
Sierra Leone,2019,Warning,Low,Medium,Medium,High,High,High,Medium,High,Medium,High,Medium,Medium,Low,Low,Low,Low
Sierra Leone,2020,Warning,Low,Medium,Medium,High,High,Medium,Medium,High,Medium,High,Medium,Medium,Low,Low,Low,Low
Sierra Leone,2021,Warning,Low,Medium,Medium,High,Medium,Medium,Medium,High,Medium,High,Medium,Medium,Low,Low,Medium,Low
Singapore,2019,Very Sustainable,Low,Low,Low,Low,Low,Low,Low,Low,Low,Low,Low,Low,High,High,High,Medium
Singapore,2020,Very Sustainable,Low,Low,Low,Low,Low,Low,Low,Low,Low,Low,Low,Low,High,High,High,Medium
Singapore,2021,Very Sustainable,Low,Low,Low,Low,Low,Low,Low,Low,Low,Low,Low,Low,High,High,High,Medium
Slovak Republic,2019,Sustainable,Low,Medium,Medium,Low,Low,Low,Low,Low,Low,Low,Low,Low,Low,High,Medium,Medium
Slovak Republic,2020,Sustainable,Low,Medium,Medium,Low,Low,Low,Low,Low,Low,Low,Low,Low,Low,High,Medium,Medium
Slovakia,2021,Sustainable,Low,Low,Medium,Low,Low,Low,Low,Low,Low,Low,Low,Low,Medium,High,Medium,Medium
Slovenia,2019,Very Sustainable,Low,Low,Low,Low,Low,Low,Low,Low,Low,Low,Low,Low,Medium,High,High,Low
Slovenia,2020,Very Sustainable,Low,Low,Low,Low,Low,Low,Low,Low,Low,Low,Low,Low,Medium,High,High,Low
Slovenia,2021,Very Sustainable,Low,Low,Low,Low,Low,Low,Low,Low,Low,Low,Low,Low,Medium,High,High,Low
Solomon Islands,2019,Warning,Medium,High,Medium,Medium,High,Medium,Medium,Medium,Low,Medium,Low,High,Low,Low,Medium,Medium
Solomon Islands,2020,Warning,Medium,High,Medium,Medium,High,Medium,Medium,Medium,Low,Medium,Low,High,Low,Low,Medium,Medium
Solomon Islands,2021,Warning,Medium,High,Medium,Medium,High,Medium,Medium,Medium,Low,Medium,Low,High,Low,Low,Medium,Medium
Somalia,2019,Very High Alert,High,High,High,High,High,High,High,High,High,High,High,High,Low,Low,Low,Low
Somalia,2020,Very High Alert,High,High,High,High,High,High,High,High,High,High,High,High,Low,Low,Low,Low
Somalia,2021,Very High Alert,High,High,High,High,High,High,High,High,High,High,High,High,Low,Low,Low,Low
South Africa,2019,Warning,Medium,Medium,Medium,Medium,Medium,Medium,Medium,Medium,Low,Medium,Low,Low,Low,High,Medium,Low
South Africa,2020,Warning,Medium,Medium,Medium,Medium,Medium,Medium,Medium,Medium,Low,Medium,Low,Low,Low,High,Medium,Low
South Africa,2021,Warning,Medium,Medium,Medium,High,Medium,Low,Medium,Medium,Low,Medium,Low,Low,Low,High,Medium,Low
South Korea,2019,Sustainable,Low,Low,Low,Low,Low,Low,Low,Low,Low,Low,Low,Medium,High,High,High,Medium
South Korea,2020,Sustainable,Low,Low,Low,Low,Low,Low,Low,Low,Low,Low,Low,Low,High,High,High,Medium
South Korea,2021,Sustainable,Low,Low,Low,Low,Low,Low,Low,Low,Low,Low,Low,Low,High,High,High,Medium
South Sudan,2019,Very High Alert,High,High,High,High,High,Medium,High,High,High,High,High,High,Low,Low,Low,High
South Sudan,2020,Very High Alert,High,High,High,High,High,Medium,High,High,High,High,High,High,Low,Low,Low,Medium
South Sudan,2021,Very High Alert,High,High,High,High,High,Medium,High,High,High,High,High,High,Low,Low,Low,Medium
Spain,2019,Sustainable,Low,Medium,Medium,Low,Low,Low,Medium,Low,Low,Low,Low,Low,Medium,High,High,Low
Spain,2020,Sustainable,Low,Medium,Medium,Low,Low,Low,Medium,Low,Low,Low,Low,Low,Medium,High,High,Low
Spain,2021,Sustainable,Low,Medium,Medium,Medium,Low,Low,Medium,Low,Low,Low,Low,Low,High,High,High,Low
Sri Lanka,2019,Warning,Medium,High,High,Medium,Medium,Medium,Medium,Low,High,Medium,Medium,Medium,Low,Low,High,Medium
Sri Lanka,2020,Warning,Medium,High,High,Medium,Medium,Medium,Medium,Low,High,Medium,Medium,Medium,Low,Medium,High,Medium
Sri Lanka,2021,Warning,Medium,High,High,Medium,Medium,Medium,Medium,Low,High,Medium,Medium,Medium,Low,Medium,High,Medium
Sudan,2019,Very High Alert,High,High,High,High,Medium,High,High,High,High,High,High,High,Low,High,Medium,Medium
Sudan,2020,Very High Alert,High,High,High,High,High,High,High,High,High,High,High,High,Low,High,Medium,Low
Sudan,2021,Very High Alert,High,High,High,High,High,Medium,High,High,High,High,High,High,Low,High,Medium,Low
Suriname,2019,Stable,Low,Medium,Medium,Medium,Medium,Medium,Low,Medium,Low,Medium,Low,Medium,Low,Medium,Medium,Medium
Suriname,2020,Stable,Low,Medium,Medium,Medium,Medium,Medium,Low,Low,Low,Low,Low,Medium,Low,Medium,Medium,Medium
Suriname,2021,Stable,Low,Medium,Medium,Medium,Medium,Medium,Low,Medium,Low,Medium,Low,Medium,Low,Medium,Medium,Medium
Sweden,2019,Very Sustainable,Low,Low,Low,Low,Low,Low,Low,Low,Low,Low,Low,Low,High,High,High,Low
Sweden,2020,Very Sustainable,Low,Low,Low,Low,Low,Low,Low,Low,Low,Low,Low,Low,High,High,High,Low
Sweden,2021,Very Sustainable,Low,Low,Low,Low,Low,Low,Low,Low,Low,Low,Low,Low,High,High,High,Low
Switzerland,2019,Very Sustainable,Low,Low,Low,Low,Low,Low,Low,Low,Low,Low,Low,Low,High,High,High,Low
Switzerland,2020,Very Sustainable,Low,Low,Low,Low,Low,Low,Low,Low,Low,Low,Low,Low,High,High,High,Low
Switzerland,2021,Very Sustainable,Low,Low,Low,Low,Low,Low,Low,Low,Low,Low,Low,Low,High,High,High,Low
Syria,2019,Very High Alert,High,High,High,High,Medium,High,High,High,High,Medium,High,High,Low,High,Medium,Medium
Syria,2020,Very High Alert,High,High,High,High,Medium,High,High,High,High,Medium,High,High,Low,High,Medium,Medium
Syria,2021,Very High Alert,High,High,High,High,Medium,High,High,High,High,Medium,High,High,Low,High,Medium,Medium
Tajikistan,2019,Warning,Medium,High,Medium,Medium,Low,Medium,High,Medium,High,Medium,Low,Medium,Low,Low,Medium,Low
Tajikistan,2020,Warning,Medium,High,Medium,Medium,Low,Medium,High,Low,High,Medium,Low,Medium,Low,Low,Medium,Low
Tajikistan,2021,Warning,Medium,High,Medium,Medium,Low,Medium,High,Low,High,Medium,Low,Low,Low,Medium,Medium,Low
Tanzania,2019,Warning,Medium,Medium,Medium,Medium,Medium,Medium,Medium,High,Medium,High,Medium,Medium,Low,Low,Medium,Low
Tanzania,2020,Warning,Medium,Medium,Low,Medium,Medium,Medium,Medium,High,Medium,High,Medium,Medium,Low,Low,Medium,Low
Tanzania,2021,Warning,Medium,Medium,Low,Medium,Medium,Medium,Medium,High,Medium,High,Medium,Medium,Low,Low,Medium,Low
Thailand,2019,Warning,High,High,Medium,Low,Low,Low,Medium,Low,High,Medium,Medium,Low,Low,Medium,High,Low
Thailand,2020,Warning,High,High,Medium,Low,Low,Low,Medium,Low,Medium,Medium,Medium,Low,Low,High,High,Low
Thailand,2021,Warning,High,High,Medium,Low,Low,Low,Medium,Low,Medium,Medium,Medium,Low,Low,High,High,Low
Timor-Leste,2019,Warning,Medium,High,Medium,Medium,Medium,Medium,Medium,Medium,Low,High,Medium,High,Low,Low,Medium,Medium
Timor-Leste,2020,Warning,Medium,High,Medium,Medium,Medium,Medium,Medium,Medium,Low,High,Medium,High,Low,Low,Medium,Medium
Timor-Leste,2021,Warning,Medium,High,Medium,Medium,Medium,Medium,Medium,Medium,Low,High,Medium,High,Low,Medium,Medium,Low
Togo,2019,Warning,Medium,Medium,Medium,Medium,High,Medium,High,High,Medium,Medium,Medium,Medium,Low,Low,Medium,Medium
Togo,2020,Warning,Medium,Medium,Medium,Medium,High,Medium,High,High,Medium,Medium,Medium,Medium,Low,Low,Medium,Medium
Togo,2021,Warning,Medium,Medium,Medium,Medium,High,Medium,High,High,Medium,Medium,Medium,Medium,Low,Low,Medium,Medium
Trinidad and Tobago,2019,Stable,Medium,Medium,Low,Low,Low,Medium,Low,Low,Low,Low,Low,Low,Medium,High,Medium,Low
Trinidad and Tobago,2020,Stable,Medium,Medium,Low,Low,Low,Medium,Low,Low,Low,Low,Low,Low,Medium,High,Medium,Low
Trinidad and Tobago,2021,Stable,Medium,Medium,Low,Low,Low,Medium,Low,Low,Low,Low,Low,Low,Medium,High,Medium,Low
Tunisia,2019,Warning,Medium,Medium,Medium,Medium,Low,Medium,Medium,Low,Medium,Low,Low,Medium,Low,Medium,High,Medium
Tunisia,2020,Stable,Medium,Medium,Medium,Medium,Low,Medium,Medium,Low,Medium,Low,Low,Medium,Low,High,High,Medium
Tunisia,2021,Stable,Medium,Medium,Medium,Medium,Low,Medium,Medium,Medium,Medium,Low,Low,Medium,Low,High,Medium,Medium
Turkey,2019,Warning,Medium,High,High,Low,Medium,Low,Medium,Low,High,Low,High,Medium,Low,High,High,Medium
Turkey,2020,Warning,Medium,High,High,Low,Medium,Low,Medium,Low,High,Low,High,Medium,Low,High,High,Medium
Turkey,2021,Warning,Medium,High,High,Medium,Low,Low,Medium,Medium,High,Medium,High,Medium,Low,High,High,Medium
Turkmenistan,2019,Warning,Medium,Medium,Medium,Medium,Medium,Medium,High,Medium,High,Medium,Low,Low,Low,High,Medium,Medium
Turkmenistan,2020,Stable,Medium,Medium,Medium,Medium,Medium,Low,High,Low,High,Low,Low,Low,Low,High,Medium,Medium
Turkmenistan,2021,Stable,Medium,Medium,Medium,Low,Medium,Low,High,Low,High,Medium,Low,Low,Low,High,Medium,Medium
Uganda,2019,Alert,Medium,High,High,Medium,Medium,Medium,High,Medium,High,High,High,Medium,Low,Low,Medium,Medium
Uganda,2020,Alert,Medium,High,High,Medium,Medium,Medium,High,Medium,Medium,High,High,Medium,Low,Low,Medium,Medium
Uganda,2021,Alert,Medium,High,Medium,Medium,Medium,Medium,High,High,Medium,High,High,Medium,Low,Low,Medium,Medium
Ukraine,2019,Warning,Medium,High,Medium,Medium,Low,Medium,Medium,Low,Medium,Low,Low,High,Low,High,Medium,High
Ukraine,2020,Stable,Medium,High,Medium,Medium,Low,Medium,Medium,Low,Medium,Low,Low,High,Low,High,Medium,High
Ukraine,2021,Stable,Medium,High,Medium,Medium,Low,Medium,Medium,Low,Medium,Low,Low,Medium,Low,High,Medium,Medium
United Arab Emirates,2019,Sustainable,Low,Low,Low,Low,Low,Low,Medium,Low,Medium,Low,Low,Low,High,High,High,Medium
United Arab Emirates,2020,Sustainable,Low,Low,Low,Low,Low,Low,Medium,Low,Medium,Low,Low,Low,High,High,High,Medium
United Arab Emirates,2021,Sustainable,Low,Low,Low,Low,Low,Low,Medium,Low,Medium,Low,Low,Low,High,High,High,Medium
United Kingdom,2019,Sustainable,Low,Medium,Medium,Low,Low,Low,Low,Low,Low,Low,Low,Low,High,High,High,Medium
United Kingdom,2020,Sustainable,Low,Medium,Medium,Low,Low,Low,Low,Low,Low,Low,Low,Low,High,High,High,Medium
United Kingdom,2021,Sustainable,Low,Medium,Medium,Medium,Low,Low,Low,Low,Low,Low,Low,Low,High,High,High,Medium
United States,2019,Sustainable,Low,Medium,Medium,Low,Low,Low,Low,Low,Low,Low,Low,Low,High,High,High,Medium
United States,2020,Sustainable,Low,Medium,Medium,Low,Low,Low,Low,Low,Low,Low,Low,Low,High,High,High,High
United States,2021,Sustainable,Low,Medium,Medium,Low,Low,Low,Low,Low,Low,Medium,Low,Low,High,High,High,Medium
Uruguay,2019,Sustainable,Low,Low,Low,Low,Low,Low,Low,Low,Low,Low,Low,Low,Medium,High,High,Medium
Uruguay,2020,Sustainable,Low,Low,Low,Low,Low,Low,Low,Low,Low,Low,Low,Low,Medium,High,High,Medium
Uruguay,2021,Sustainable,Low,Low,Low,Low,Low,Low,Low,Low,Low,Low,Low,Low,Medium,High,High,Medium
Uzbekistan,2019,Warning,Medium,High,Medium,Medium,Medium,Medium,High,Low,Medium,Medium,Medium,Low,Low,High,Medium,Medium
Uzbekistan,2020,Warning,Medium,High,Medium,Medium,Medium,Medium,High,Low,Medium,Low,Low,Low,Low,High,Medium,Medium
Uzbekistan,2021,Warning,Medium,High,Medium,Medium,Medium,Medium,High,Low,Medium,Low,Low,Low,Low,High,Medium,Medium
Venezuela,2019,Warning,Medium,High,Medium,High,Medium,Medium,High,High,High,Medium,Medium,Medium,Low,Medium,Medium,Medium
Venezuela,2020,Alert,Medium,High,Medium,High,Medium,Medium,High,High,High,Medium,Medium,Medium,Low,High,Medium,Medium
Venezuela,2021,Alert,Medium,High,Medium,High,Medium,Medium,High,High,High,Medium,Medium,Medium,Low,High,Medium,Low
Vietnam,2019,Stable,Low,Medium,Medium,Low,Low,Medium,High,Low,Medium,Medium,Low,Low,Low,High,Medium,Medium
Vietnam,2020,Stable,Low,Medium,Medium,Low,Low,Medium,High,Low,Medium,Medium,Low,Low,Low,High,High,Medium
Vietnam,2021,Stable,Low,Medium,Medium,Low,Low,Medium,High,Low,Medium,Medium,Low,Low,Low,High,Medium,Medium
Yemen,2019,Very High Alert,High,High,High,High,High,Medium,High,High,High,High,High,High,Low,Low,Medium,Medium
Yemen,2020,Very High Alert,High,High,High,High,Medium,Medium,High,High,High,High,High,High,Low,Low,Medium,Medium
Yemen,2021,Very High Alert,High,High,High,High,Medium,Medium,High,High,High,High,High,High,Low,Low,Medium,Medium
Zambia,2019,Warning,Medium,Medium,Medium,Medium,High,Medium,High,Medium,Medium,High,Medium,Medium,Low,Low,Medium,Low
Zambia,2020,Warning,Low,Medium,Medium,Medium,High,Medium,Medium,Medium,Medium,High,Medium,Medium,Low,Low,Medium,Low
Zambia,2021,Warning,Low,Medium,Medium,High,High,Medium,Medium,High,Medium,High,Medium,Medium,Low,Low,Medium,Low
Zimbabwe,2019,Alert,High,High,Medium,High,Medium,Medium,High,High,High,High,High,Medium,Low,Low,Medium,Low
Zimbabwe,2020,Alert,High,High,Medium,High,Medium,Medium,High,High,High,High,High,Medium,Low,Low,Medium,Low
Zimbabwe,2021,Alert,High,High,Medium,High,Medium,Medium,High,High,High,High,High,Medium,Low,Low,Medium,Medium
